Quantidade de graduados de 2016 por curso e período,,,
Curso \ Período,2016.1,2016.2,Total curso
11104120 - DESIGN - D,24,12,36
11105110 - FÍSICA (LIC) - D,0,1,1
11105150 - FÍSICA (BAC) - D,1,0,1
11107110 - MATEMÁTICA (LIC) - D,4,1,5
11107150 - MATEMÁTICA (BAC) - D,1,0,1
11107210 - MATEMÁTICA (LIC) - N,2,1,3
11124100 - ENGENHARIA MECÂNICA - D,9,41,50
11126100 - ENGENHARIA DE MATERIAIS - D,19,10,29
11128100 - ENGENHARIA QUÍMICA - D,3,22,25
11133100 - ENGENHARIA DE PRODUÇÃO - D,11,17,28
11134100 - ESTATÍSTICA - D,2,3,5
11135100 - ENGENHARIA DE PETRÓLEO - D,7,24,31
12204100 - ENFERMAGEM - D,22,18,40
12205100 - MEDICINA,41,33,74
12208200 - PSICOLOGIA - N,21,22,43
13301100 - ADMINISTRAÇÃO - D,24,13,37
13301200 - ADMINISTRAÇÃO - N,13,8,21
13304100 - CIÊNCIAS ECONÔMICAS - M,7,8,15
13304200 - CIÊNCIAS ECONÔMICAS - N,5,6,11
13305110 - CIÊNCIAS SOCIAIS (LIC) - D,1,0,1
13305150 - CIÊNCIAS SOCIAIS (BAC) - D,2,2,4
13305210 - CIÊNCIAS SOCIAIS (LIC) - N,3,5,8
13305250 - CIÊNCIAS SOCIAIS (BAC) - N,1,0,1
13306100 - COMUNICAÇÃO SOCIAL - D,5,11,16
13306200 - COMUNICAÇÃO SOCIAL - N,17,4,21
13309110 - HISTÓRIA (LIC) - D,9,13,22
13309210 - HISTÓRIA (LIC) - N,3,5,8
13309250 - HISTÓRIA (BAC) - N,1,2,3
13310110 - LETRAS- LÍNGUA PORTUGUESA (LIC) - D,10,7,17
13310111 - LETRAS - LÍNGUA E LIT. PORTUGUESA - D,0,1,1
13310112 - LETRAS - LÍNGUA E LIT. FRANCESA - D,0,2,2
13310115 - LETRAS - LÍNG.PORT./LÍNG.FRANC.(LIC)-D,2,2,4
13310116 - LETRAS - LÍNGUA INGLESA (LIC) - D,6,1,7
13310210 - LETRAS - LÍNGUA PORTUGUESA (LIC) - N,6,0,6
13310211 - LETRAS - LÍNGUA E LIT. PORTUGUESA - N,5,7,12
13310213 - LETRAS - LÍNGUA E LIT. INGLESA - N,1,0,1
13310214 - LETRAS - ESPANHOL (LICENCIATURA) N,5,0,5
13311110 - MÚSICA (LIC) - D,5,2,7
13311150 - MÚSICA (BAC) - D,1,1,2
13312110 - PEDAGOGIA (LIC) - M,5,16,21
13312210 - PEDAGOGIA (LIC) - N,8,1,9
13314210 - FILOSOFIA (LIC) - N,0,1,1
13314250 - FILOSOFIA (BAC) - N,0,1,1
13316110 - GEOGRAFIA (LIC) - M,5,12,17
13316210 - GEOGRAFIA (LIC) - N,8,8,16
13317100 - ARTE E MÍDIA - D,14,6,20
14102100 - CIÊNCIA DA COMPUTAÇÃO - D,39,34,73
14123100 - ENGENHARIA ELÉTRICA,39,69,108
15101100 - ARQUITETURA E URBANISMO - D,15,12,27
15121100 - ENGENHARIA AGRÍCOLA - D,3,6,9
Curso \ Período,2016.1,2016.2,Total curso
15122100 - ENGENHARIA CIVIL - D,28,49,77
15125100 - ENGENHARIA DE ALIMENTOS - D,15,9,24
15127100 - ENGENHARIA DE MINAS - D,18,16,34
21105210 - FÍSICA (LIC) - N,2,2,4
21107110 - MATEMÁTICA (LIC) - D,4,8,12
21109210 - QUÍMICA (LIC) - N,4,9,13
21201110 - CIÊNCIAS BIOLÓGICAS (LIC) - M,13,7,20
21204100 - ENFERMAGEM - D,26,22,48
21205100 - MEDICINA,35,18,53
21309110 - HISTÓRIA (LIC) - M,14,12,26
21309210 - HISTÓRIA (LIC) - N,4,9,13
21310110 - LETRAS - LÍNGUA PORTUGUESA (LIC) - M,8,7,15
21310116 - LETRAS - LÍNGUA INGLESA (LIC) - D,3,6,9
21310210 - LETRAS - LÍNGUA PORTUGUESA (LIC) - N,5,6,11
21312110 - PEDAGOGIA (LICENCIATURA) - M,22,7,29
21312210 - PEDAGOGIA (LICENCIATURA) - N,14,8,22
21316110 - GEOGRAFIA (LICENCIATURA) - M,8,11,19
21316210 - GEOGRAFIA (LICENCIATURA) - N,4,9,13
31301200 - ADMINISTRAÇÃO - N,20,14,34
31340100 - SERVIÇO SOCIAL - M,0,14,14
31350100 - DIREITO - M,0,43,43
31350200 - DIREITO - N,35,1,36
31350300 - DIREITO - V,1,43,44
31360200 - CIÊNCIAS CONTÁBEIS - N,10,21,31
41201110 - CIÊNCIAS BIOLÓGICAS (LIC) - D,14,11,25
41201210 - CIÊNCIAS BIOLÓGICAS (LIC) - N,19,4,23
41207100 - ODONTOLOGIA - D,30,25,55
41403100 - ENGENHARIA FLORESTAL - D,7,14,21
41410100 - MEDICINA VETERINÁRIA - D,29,36,65
51105110 - FÍSICA (LIC) - D,3,4,7
51105210 - FÍSICA (LIC) - N,1,0,1
51107110 - MATEMÁTICA (LIC) - D,3,2,5
51107210 - MATEMÁTICA (LIC) - N,3,5,8
51109110 - QUÍMICA (LIC) - D,4,7,11
51109210 - QUÍMICA (LIC) - N,3,3,6
51201110 - CIÊNCIAS BIOLÓGICAS (LIC) - D,6,14,20
51201210 - CIÊNCIAS BIOLÓGICAS (LIC) - N,9,8,17
51203100 - FARMÁCIA - D,25,19,44
51204100 - ENFERMAGEM - D,35,26,61
51206100 - NUTRIÇÃO - D,22,26,48
51206200 - NUTRIÇÃO - N,5,1,6
71131100 - ENGENHARIA DE BIOSSISTEMAS - D,0,6,6
71132100 - ENG. DE BIOTECNOLOGIA E BIOPROCESSOS - D,8,5,13
71133100 - ENGENHARIA DE PRODUÇÃO - D,4,16,20
71305210 - CIÊNCIAS SOCIAIS (LIC) - N,4,10,14
71315110 - INTERDISCIPLINAR EM EDUC. DO CAMPO(LIC)D,7,9,16
71318200 - TECNOLOGIA EM GESTÃO PÚBLICA - N,6,10,16
71420100 - TECNOLOGIA EM AGROECOLOGIA - D,12,4,16
91125100 - ENGENHARIA DE ALIMENTOS - D,6,15,21
91130100 - ENGENHARIA AMBIENTAL - D,14,15,29
91402100 - AGRONOMIA - D,17,25,42
Total período,1024,1142,2166
