Quantidade de alunos matriculados em 2022.2 por curso e sexo.,,,
,FEMININO,MASCULINO,Total
13301100 - ADMINISTRAÇÃO - D (Campina Grande),123,94,217
13301200 - ADMINISTRAÇÃO - N (Campina Grande),75,56,131
31301200 - ADMINISTRAÇÃO - N (Sousa),81,79,160
91402100 - AGRONOMIA - D (Pombal),84,114,198
15101100 - ARQUITETURA E URBANISMO - D (Campina Grande),119,59,178
13317100 - ARTE E MÍDIA - D (Campina Grande),61,63,124
14102100 - CIÊNCIA DA COMPUTAÇÃO - D (Campina Grande),153,624,777
41201110 - CIÊNCIAS BIOLÓGICAS (LIC) - D (Patos),71,27,98
51201110 - CIÊNCIAS BIOLÓGICAS (LIC) - D (Cuité),63,36,99
21201110 - CIÊNCIAS BIOLÓGICAS (LIC) - M (Cajazeiras),65,41,106
41201210 - CIÊNCIAS BIOLÓGICAS (LIC) - N (Patos),93,57,150
51201210 - CIÊNCIAS BIOLÓGICAS (LIC) - N (Cuité),73,49,122
31360200 - CIÊNCIAS CONTÁBEIS - N (Sousa),85,100,185
13304100 - CIÊNCIAS ECONÔMICAS - M (Campina Grande),33,58,91
13304200 - CIÊNCIAS ECONÔMICAS - N (Campina Grande),36,63,99
13305150 - CIÊNCIAS SOCIAIS (BAC) - D (Campina Grande),42,20,62
13305210 - CIÊNCIAS SOCIAIS (LIC) - N (Campina Grande),62,47,109
71305210 - CIÊNCIAS SOCIAIS (LIC) - N (Sumé),68,30,98
13306100 - COMUNICAÇÃO SOCIAL - D (Campina Grande),62,31,93
13306200 - COMUNICAÇÃO SOCIAL - N (Campina Grande),57,53,110
11104120 - DESIGN - D (Campina Grande),115,70,185
31350100 - DIREITO - M (Sousa),127,90,217
31350200 - DIREITO - N (Sousa),133,150,283
31350300 - DIREITO - V (Sousa),126,85,211
12204100 - ENFERMAGEM - D (Campina Grande),163,46,209
21204100 - ENFERMAGEM - D (Cajazeiras),195,56,251
51204100 - ENFERMAGEM - D (Cuité),202,50,252
71132100 - ENG. DE BIOTECNOLOGIA E BIOPROCESSOS - D (Sumé),39,21,60
15121100 - ENGENHARIA AGRÍCOLA - D (Campina Grande),39,59,98
91130100 - ENGENHARIA AMBIENTAL - D (Pombal),53,37,90
15122100 - ENGENHARIA CIVIL - D (Campina Grande),174,281,455
91122100 - ENGENHARIA CIVIL - D (Pombal),96,212,308
15125100 - ENGENHARIA DE ALIMENTOS - D (Campina Grande),45,30,75
91125100 - ENGENHARIA DE ALIMENTOS - D (Pombal),65,34,99
71131100 - ENGENHARIA DE BIOSSISTEMAS - D (Sumé),24,25,49
11126100 - ENGENHARIA DE MATERIAIS - D (Campina Grande),54,67,121
15127100 - ENGENHARIA DE MINAS - D (Campina Grande),35,44,79
11135100 - ENGENHARIA DE PETRÓLEO - D (Campina Grande),44,41,85
11133100 - ENGENHARIA DE PRODUÇÃO - D (Campina Grande),50,69,119
71133100 - ENGENHARIA DE PRODUÇÃO - D (Sumé),49,50,99
14123100 - ENGENHARIA ELÉTRICA (Campina Grande),142,573,715
41403100 - ENGENHARIA FLORESTAL - D (Patos),30,33,63
,FEMININO,MASCULINO,Total
11124100 - ENGENHARIA MECÂNICA - D (Campina Grande),52,196,248
11128100 - ENGENHARIA QUÍMICA - D (Campina Grande),79,73,152
11134100 - ESTATÍSTICA - D (Campina Grande),17,26,43
51203100 - FARMÁCIA - D (Cuité),242,110,352
13314250 - FILOSOFIA (BAC) - N (Campina Grande),7,22,29
13314210 - FILOSOFIA (LIC) - N (Campina Grande),13,35,48
11105150 - FÍSICA (BAC) - D (Campina Grande),9,21,30
11105110 - FÍSICA (LIC) - D (Campina Grande),12,22,34
51105110 - FÍSICA (LIC) - D (Cuité),21,40,61
21105210 - FÍSICA (LIC) - N (Cajazeiras),36,49,85
51105210 - FÍSICA (LIC) - N (Cuité),34,60,94
13316110 - GEOGRAFIA (LIC) - M (Campina Grande),35,54,89
13316210 - GEOGRAFIA (LIC) - N (Campina Grande),37,63,100
21316110 - GEOGRAFIA (LICENCIATURA) - M (Cajazeiras),67,61,128
21316210 - GEOGRAFIA (LICENCIATURA) - N (Cajazeiras),64,66,130
13309110 - HISTÓRIA (LIC) - D (Campina Grande),56,55,111
21309110 - HISTÓRIA (LIC) - M (Cajazeiras),75,68,143
13309210 - HISTÓRIA (LIC) - N (Campina Grande),55,61,116
21309210 - HISTÓRIA (LIC) - N (Cajazeiras),101,70,171
71315110 - INTERDISCIPLINAR EM EDUC. DO CAMPO(LIC)D (Sumé),61,29,90
13310214 - LETRAS - ESPANHOL (LICENCIATURA) N (Campina Grande),37,17,54
13323110 - LETRAS - LIBRAS (LIC) - D (Campina Grande),43,25,68
13310115 - LETRAS - LÍNG.PORT./LÍNG.FRANC.(LIC)-D (Campina Grande),31,10,41
13310116 - LETRAS - LÍNGUA INGLESA (LIC) - D (Campina Grande),37,26,63
21310116 - LETRAS - LÍNGUA INGLESA (LIC) - D (Cajazeiras),38,31,69
21310110 - LETRAS - LÍNGUA PORTUGUESA (LIC) - M (Cajazeiras),48,23,71
13310210 - LETRAS - LÍNGUA PORTUGUESA (LIC) - N (Campina Grande),61,24,85
21310210 - LETRAS - LÍNGUA PORTUGUESA (LIC) - N (Cajazeiras),103,39,142
13310110 - LETRAS- LÍNGUA PORTUGUESA (LIC) - D (Campina Grande),73,24,97
11107150 - MATEMÁTICA (BAC) - D (Campina Grande),8,11,19
11107110 - MATEMÁTICA (LIC) - D (Campina Grande),21,30,51
21107110 - MATEMÁTICA (LIC) - D (Cajazeiras),37,56,93
51107110 - MATEMÁTICA (LIC) - D (Cuité),38,40,78
11107210 - MATEMÁTICA (LIC) - N (Campina Grande),16,32,48
51107210 - MATEMÁTICA (LIC) - N (Cuité),41,44,85
12205100 - MEDICINA (Campina Grande),237,308,545
21205100 - MEDICINA (Cajazeiras),86,91,177
41410100 - MEDICINA VETERINÁRIA - D (Patos),261,155,416
15108100 - METEOROLOGIA - D (Campina Grande),15,17,32
13311150 - MÚSICA (BAC) - D (Campina Grande),5,26,31
13311110 - MÚSICA (LIC) - D (Campina Grande),10,29,39
51206100 - NUTRIÇÃO - D (Cuité),213,57,270
41207100 - ODONTOLOGIA - D (Patos),210,160,370
,FEMININO,MASCULINO,Total
13312110 - PEDAGOGIA (LIC) - M (Campina Grande),96,3,99
13312210 - PEDAGOGIA (LIC) - N (Campina Grande),81,5,86
21312110 - PEDAGOGIA (LICENCIATURA) - M (Cajazeiras),124,25,149
21312210 - PEDAGOGIA (LICENCIATURA) - N (Cajazeiras),151,33,184
12208100 - PSICOLOGIA - D (Campina Grande),266,96,362
12208200 - PSICOLOGIA - N (Campina Grande),5,4,9
51109110 - QUÍMICA (LIC) - D (Cuité),38,16,54
21109210 - QUÍMICA (LIC) - N (Cajazeiras),60,43,103
51109210 - QUÍMICA (LIC) - N (Cuité),54,29,83
31340100 - SERVIÇO SOCIAL - M (Sousa),94,13,107
71420100 - TECNOLOGIA EM AGROECOLOGIA - D (Sumé),30,16,46
71318200 - TECNOLOGIA EM GESTÃO PÚBLICA - N (Sumé),50,25,75
Total,7297,6588,13885
